Model,Accuracy
CNNLSTM,0.5892364305427783
Transformer,0.44917203311867526
CNN+Transformer,0.5984360625574977
ResNet1D,0.5662373505059798
Bi-LSTM,0.422033118675253
