Model,Accuracy
CNNLSTM,0.6002759889604415
Transformer,0.44917203311867526
CNN+Transformer,0.5913063477460901
ResNet1D,0.562097516099356
Bi-LSTM,0.4174333026678933
